Date,Open,High,Low,Close
2020-03-19,40.0,46.0,40.0,45.25
2020-03-20,45.0099983215332,46.0099983215332,45.0,45.0
2020-03-23,42.0,42.0,39.97999954223633,40.0
2020-03-24,40.0,40.0,39.0,40.0
2020-03-25,40.0,44.79999923706055,38.0,41.0099983215332
2020-03-26,45.0,47.5,44.25,45.0
2020-03-27,45.0,47.5,44.9900016784668,45.23500061035156
2020-03-30,44.25,50.0,44.25,50.0
2020-03-31,46.5,50.0,44.779998779296875,50.0
2020-04-01,45.9900016784668,48.5,44.0,46.70000076293945
2020-04-02,45.02399826049805,48.65999984741211,43.20000076293945,44.0
2020-04-03,43.75,49.29999923706055,41.79999923706055,47.31999969482422
2020-04-06,47.0,47.849998474121094,44.70000076293945,45.939998626708984
2020-04-07,45.150001525878906,46.9900016784668,42.93000030517578,44.279998779296875
2020-04-08,42.209999084472656,45.20000076293945,41.2599983215332,44.09000015258789
2020-04-09,44.04999923706055,50.25,44.0,49.13999938964844
2020-04-13,48.54999923706055,48.66999816894531,45.720001220703125,46.0
2020-04-14,45.90999984741211,46.29999923706055,43.970001220703125,45.88999938964844
2020-04-15,44.189998626708984,44.849998474121094,42.79999923706055,44.54999923706055
2020-04-16,44.08000183105469,46.40700149536133,43.54999923706055,45.619998931884766
2020-04-17,47.0,48.560001373291016,45.91999816894531,46.150001525878906
2020-04-20,45.0,46.97999954223633,44.900001525878906,45.38999938964844
2020-04-21,44.5,47.20000076293945,44.5,45.900001525878906
2020-04-22,47.310001373291016,49.54999923706055,46.0,47.04999923706055
2020-04-23,47.439998626708984,48.040000915527344,46.47999954223633,47.470001220703125
2020-04-24,48.02000045776367,48.5,46.310001373291016,47.849998474121094
2020-04-27,48.08000183105469,48.599998474121094,47.61000061035156,48.220001220703125
2020-04-28,49.06999969482422,50.95000076293945,48.650001525878906,49.86000061035156
2020-04-29,50.77000045776367,51.72999954223633,49.709999084472656,51.150001525878906
2020-04-30,50.970001220703125,51.599998474121094,50.5,50.90999984741211
2020-05-01,50.33000183105469,50.529998779296875,48.310001373291016,49.709999084472656
2020-05-04,48.849998474121094,49.66999816894531,47.5099983215332,49.529998779296875
2020-05-05,49.529998779296875,50.63999938964844,47.959999084472656,48.09000015258789
2020-05-06,48.61000061035156,49.0,47.88999938964844,48.310001373291016
2020-05-07,49.02000045776367,53.290000915527344,48.9900016784668,51.810001373291016
2020-05-08,52.119998931884766,54.16999816894531,52.11000061035156,52.95000076293945
2020-05-11,52.0,52.400001525878906,51.060001373291016,51.810001373291016
2020-05-12,52.189998626708984,52.290000915527344,49.689998626708984,49.720001220703125
2020-05-13,49.0,50.29999923706055,47.8849983215332,48.209999084472656
2020-05-14,47.61000061035156,48.400001525878906,47.22999954223633,48.0
2020-05-15,47.31999969482422,49.220001220703125,47.20000076293945,48.88999938964844
2020-05-18,50.119998931884766,52.34000015258789,50.119998931884766,52.130001068115234
2020-05-19,51.68000030517578,52.928001403808594,51.05500030517578,52.310001373291016
2020-05-20,52.54999923706055,54.70000076293945,52.474998474121094,53.18000030517578
2020-05-21,52.36000061035156,53.54999923706055,51.869998931884766,52.029998779296875
2020-05-22,52.459999084472656,52.720001220703125,50.91999816894531,51.709999084472656
2020-05-26,53.029998779296875,53.9900016784668,50.70000076293945,50.88999938964844
2020-05-27,51.59000015258789,52.650001525878906,50.77000045776367,52.380001068115234
2020-05-28,52.869998931884766,52.95000076293945,50.93000030517578,50.959999084472656
2020-05-29,50.439998626708984,52.869998931884766,50.18000030517578,52.650001525878906
2020-06-01,52.45000076293945,54.439998626708984,52.11000061035156,54.08000183105469
2020-06-02,54.15999984741211,54.75,53.290000915527344,54.150001525878906
2020-06-03,55.0,55.58000183105469,54.54999923706055,55.470001220703125
2020-06-04,55.29999923706055,56.65999984741211,54.689998626708984,55.400001525878906
2020-06-05,57.83000183105469,58.70899963378906,56.0,58.56999969482422
2020-06-08,58.68000030517578,61.31999969482422,58.36000061035156,61.2599983215332
2020-06-09,60.400001525878906,61.459999084472656,59.2400016784668,60.650001525878906
2020-06-10,60.61000061035156,60.959999084472656,59.02000045776367,59.029998779296875
2020-06-11,56.0,58.06999969482422,55.70500183105469,56.25
2020-06-12,57.72999954223633,58.97999954223633,55.099998474121094,56.040000915527344
2020-06-15,54.5099983215332,57.79999923706055,53.83000183105469,57.66999816894531
2020-06-16,59.5,59.79999923706055,57.375,57.849998474121094
2020-06-17,58.119998931884766,58.189998626708984,56.459999084472656,56.7400016784668
2020-06-18,56.439998626708984,57.68000030517578,56.2400016784668,57.4900016784668
2020-06-19,58.959999084472656,58.959999084472656,55.95000076293945,57.0
2020-06-22,56.880001068115234,58.18000030517578,56.63999938964844,57.060001373291016
2020-06-23,57.689998626708984,57.869998931884766,56.59000015258789,56.79999923706055
2020-06-24,56.150001525878906,56.970001220703125,55.25,55.540000915527344
2020-06-25,55.04999923706055,56.5,54.7599983215332,56.20000076293945
2020-06-26,56.22999954223633,56.47999954223633,54.44200134277344,55.790000915527344
2020-06-29,55.88999938964844,56.79999923706055,55.33000183105469,56.56999969482422
2020-06-30,55.970001220703125,57.099998474121094,55.5099983215332,56.86000061035156
2020-07-01,57.0,57.0,55.75,55.779998779296875
2020-07-02,56.43000030517578,57.2400016784668,55.77000045776367,56.5
2020-07-06,57.380001068115234,57.58000183105469,56.43000030517578,56.86000061035156
2020-07-07,56.43000030517578,57.310001373291016,56.119998931884766,56.81999969482422
2020-07-08,57.029998779296875,57.150001525878906,56.27000045776367,56.91999816894531
2020-07-09,56.86000061035156,57.939998626708984,56.06999969482422,56.11000061035156
2020-07-10,56.22999954223633,57.310001373291016,56.040000915527344,56.97999954223633
2020-07-13,56.560001373291016,57.939998626708984,56.46500015258789,56.88999938964844
2020-07-14,56.220001220703125,57.45000076293945,56.029998779296875,57.369998931884766
2020-07-15,58.0099983215332,59.0,57.86000061035156,58.20000076293945
2020-07-16,58.0,58.560001373291016,57.65800094604492,58.31999969482422
2020-07-17,58.72999954223633,59.029998779296875,58.150001525878906,58.54999923706055
2020-07-20,58.41999816894531,59.650001525878906,57.9900016784668,58.560001373291016
2020-07-21,58.380001068115234,58.939998626708984,58.099998474121094,58.439998626708984
2020-07-22,57.959999084472656,58.93000030517578,57.68000030517578,58.47999954223633
2020-07-23,58.5,59.46799850463867,58.34000015258789,59.060001373291016
2020-07-24,59.18000030517578,59.19499969482422,57.630001068115234,58.130001068115234
2020-07-27,57.86000061035156,58.439998626708984,57.599998474121094,58.31999969482422
2020-07-28,59.81999969482422,61.83000183105469,59.70000076293945,60.279998779296875
2020-07-29,60.959999084472656,64.36000061035156,60.959999084472656,64.30000305175781
2020-07-30,63.439998626708984,64.5199966430664,63.150001525878906,63.38999938964844
2020-07-31,63.439998626708984,63.439998626708984,62.18000030517578,62.7400016784668
2020-08-03,63.02000045776367,63.81999969482422,62.7400016784668,63.209999084472656
2020-08-04,62.58000183105469,62.900001525878906,61.970001220703125,62.61000061035156
2020-08-05,62.7400016784668,63.650001525878906,62.34000015258789,63.09000015258789
2020-08-06,62.88999938964844,63.52000045776367,62.8650016784668,63.47999954223633
2020-08-07,63.15999984741211,64.47000122070312,63.15999984741211,64.41000366210938
2020-08-10,64.29000091552734,65.30000305175781,64.29000091552734,65.20999908447266
2020-08-11,65.5199966430664,65.94999694824219,64.33000183105469,64.37000274658203
2020-08-12,64.97000122070312,65.47000122070312,64.22000122070312,64.9000015258789
2020-08-13,64.95999908447266,64.95999908447266,63.83000183105469,64.0
2020-08-14,63.709999084472656,64.51000213623047,63.599998474121094,64.06999969482422
2020-08-17,64.45999908447266,64.52999877929688,63.709999084472656,63.959999084472656
2020-08-18,63.849998474121094,64.4000015258789,63.375,63.45000076293945
2020-08-19,63.47999954223633,63.59000015258789,62.59000015258789,62.91999816894531
2020-08-20,62.15999984741211,63.25,61.810001373291016,62.970001220703125
2020-08-21,63.029998779296875,63.7400016784668,62.59000015258789,63.630001068115234
2020-08-24,63.61000061035156,64.2300033569336,63.040000915527344,63.79999923706055
2020-08-25,64.41000366210938,64.80999755859375,63.904998779296875,64.29000091552734
2020-08-26,64.27999877929688,64.79000091552734,63.74800109863281,64.18000030517578
2020-08-27,64.47000122070312,64.90499877929688,63.16999816894531,63.22999954223633
2020-08-28,63.27000045776367,63.630001068115234,62.650001525878906,63.59000015258789
2020-08-31,63.61000061035156,63.84000015258789,62.84000015258789,62.900001525878906
2020-09-01,62.52000045776367,64.27999877929688,62.32500076293945,64.05000305175781
2020-09-02,63.72999954223633,65.55999755859375,63.650001525878906,65.33999633789062
2020-09-03,64.87999725341797,65.44999694824219,61.060001373291016,61.849998474121094
2020-09-04,62.5,62.599998474121094,60.43000030517578,61.4900016784668
2020-09-08,61.43000030517578,61.75,60.459999084472656,60.630001068115234
2020-09-09,61.029998779296875,62.529998779296875,61.0,62.08000183105469
2020-09-10,61.97999954223633,61.97999954223633,59.72999954223633,59.900001525878906
2020-09-11,60.2599983215332,60.709999084472656,59.775001525878906,60.13999938964844
2020-09-14,60.56999969482422,60.56999969482422,59.06700134277344,59.9900016784668
2020-09-15,60.029998779296875,61.619998931884766,60.029998779296875,60.29999923706055
2020-09-16,60.86000061035156,61.0099983215332,59.400001525878906,59.790000915527344
2020-09-17,58.75,61.09000015258789,58.040000915527344,61.040000915527344
2020-09-18,61.15999984741211,62.63999938964844,60.38999938964844,60.880001068115234
2020-09-21,60.0,60.220001220703125,58.66999816894531,59.40999984741211
2020-09-22,58.939998626708984,61.119998931884766,58.86000061035156,60.9900016784668
2020-09-23,60.77000045776367,61.77000045776367,60.20000076293945,60.40999984741211
2020-09-24,60.849998474121094,62.75,60.459999084472656,62.08000183105469
2020-09-25,61.61000061035156,62.349998474121094,61.189998626708984,61.54999923706055
2020-09-28,62.27000045776367,62.880001068115234,61.900001525878906,62.5099983215332
2020-09-29,62.41999816894531,62.7599983215332,61.880001068115234,62.40999984741211
2020-09-30,62.709999084472656,63.599998474121094,61.95000076293945,62.41999816894531
2020-10-01,62.869998931884766,64.22000122070312,61.7599983215332,62.369998931884766
2020-10-02,61.619998931884766,63.439998626708984,61.5099983215332,63.15999984741211
2020-10-05,63.7400016784668,64.62999725341797,63.23500061035156,64.54000091552734
2020-10-06,64.43000030517578,65.0,63.48500061035156,63.83000183105469
2020-10-07,64.62999725341797,65.62000274658203,64.375,65.05000305175781
2020-10-08,64.79000091552734,65.51000213623047,64.4800033569336,64.70999908447266
2020-10-09,65.0199966430664,65.66999816894531,64.30000305175781,65.3499984741211
2020-10-12,65.8499984741211,65.98500061035156,65.16999816894531,65.69000244140625
2020-10-13,65.16000366210938,65.80000305175781,64.61599731445312,65.12999725341797
2020-10-14,65.5,66.0,64.52999877929688,65.61000061035156
2020-10-15,64.66999816894531,65.43499755859375,64.01000213623047,65.19999694824219
2020-10-16,65.30000305175781,65.80999755859375,64.80999755859375,65.02999877929688
2020-10-19,64.9000015258789,65.44000244140625,64.08000183105469,64.36000061035156
2020-10-20,64.68000030517578,65.73999786376953,64.33999633789062,64.38999938964844
2020-10-21,64.25,64.83000183105469,63.709999084472656,63.720001220703125
2020-10-22,63.9900016784668,63.9900016784668,62.97999954223633,63.2400016784668
2020-10-23,63.470001220703125,64.0199966430664,63.119998931884766,63.45000076293945
2020-10-26,63.84000015258789,63.88999938964844,61.369998931884766,63.209999084472656
2020-10-27,62.90999984741211,63.2400016784668,61.86000061035156,61.970001220703125
2020-10-28,61.0099983215332,61.2599983215332,58.77000045776367,58.9900016784668
2020-10-29,58.88999938964844,61.189998626708984,58.79999923706055,60.790000915527344
2020-10-30,60.349998474121094,61.29999923706055,59.79999923706055,61.279998779296875
2020-11-02,62.189998626708984,62.77000045776367,61.09000015258789,62.13999938964844
2020-11-03,62.93000030517578,63.849998474121094,62.08000183105469,62.709999084472656
2020-11-04,62.68000030517578,63.64500045776367,61.95000076293945,62.29999923706055
2020-11-05,63.31999969482422,63.95000076293945,62.59000015258789,62.630001068115234
2020-11-06,62.970001220703125,63.810001373291016,62.66999816894531,63.58000183105469
2020-11-09,67.0,67.29000091552734,63.43000030517578,63.5
2020-11-10,63.380001068115234,65.91799926757812,63.31999969482422,65.73999786376953
2020-11-11,65.86000061035156,66.33000183105469,64.73999786376953,66.12000274658203
2020-11-12,66.18000030517578,66.45999908447266,65.41999816894531,65.98999786376953
2020-11-13,66.23999786376953,66.73999786376953,65.2300033569336,65.56999969482422
2020-11-16,66.22000122070312,67.63999938964844,65.68000030517578,67.38999938964844
2020-11-17,67.16000366210938,67.94999694824219,66.30500030517578,67.19999694824219
2020-11-18,67.30999755859375,67.9800033569336,66.51000213623047,66.62999725341797
2020-11-19,66.62999725341797,67.19000244140625,65.5999984741211,66.16000366210938
2020-11-20,66.08999633789062,66.73999786376953,66.0,66.31999969482422
2020-11-23,66.63999938964844,67.52999877929688,66.55000305175781,67.25
2020-11-24,68.04000091552734,68.04000091552734,66.87999725341797,67.4000015258789
2020-11-25,67.44000244140625,67.47000122070312,66.41999816894531,67.37999725341797
2020-11-27,67.55000305175781,68.20999908447266,66.9000015258789,67.33999633789062
2020-11-30,66.83999633789062,67.69999694824219,66.37999725341797,66.94000244140625
2020-12-01,67.41999816894531,68.16000366210938,66.7699966430664,66.83000183105469
2020-12-02,66.91999816894531,67.2699966430664,65.55999755859375,65.69000244140625
2020-12-03,65.7699966430664,66.8499984741211,65.36000061035156,65.48999786376953
2020-12-04,65.6500015258789,66.04299926757812,64.87999725341797,65.16000366210938
2020-12-07,64.9800033569336,65.30999755859375,64.01000213623047,64.8499984741211
2020-12-08,64.77999877929688,66.1500015258789,64.68000030517578,66.11000061035156
2020-12-09,65.75,66.20999908447266,65.19000244140625,65.48999786376953
2020-12-10,65.20999908447266,66.13999938964844,63.849998474121094,64.0
2020-12-11,63.33000183105469,63.880001068115234,62.95000076293945,63.72999954223633
2020-12-14,64.48999786376953,64.48999786376953,62.52000045776367,62.779998779296875
2020-12-15,63.11000061035156,65.58999633789062,62.959999084472656,64.7300033569336
2020-12-16,64.93000030517578,65.33000183105469,64.33999633789062,65.23999786376953
2020-12-17,65.75,66.31999969482422,65.5,65.79000091552734
2020-12-18,65.98999786376953,66.19999694824219,64.54000091552734,65.61000061035156
2020-12-21,64.94000244140625,66.4800033569336,64.5999984741211,66.1500015258789
2020-12-22,65.83999633789062,65.98999786376953,65.09500122070312,65.41000366210938
2020-12-23,65.48999786376953,66.23999786376953,65.30000305175781,65.62999725341797
2020-12-24,65.44999694824219,65.9800033569336,65.29000091552734,65.79000091552734
2020-12-28,66.18000030517578,66.5999984741211,65.54000091552734,66.0
2020-12-29,66.30999755859375,66.5999984741211,65.12999725341797,65.69000244140625
2020-12-30,65.79000091552734,66.83000183105469,65.79000091552734,66.72000122070312
2020-12-31,66.86000061035156,67.69000244140625,66.56999969482422,67.55000305175781
2021-01-04,67.55000305175781,68.0199966430664,65.55000305175781,65.58999633789062
2021-01-05,65.81999969482422,66.41999816894531,64.75900268554688,65.0999984741211
2021-01-06,65.81999969482422,67.33000183105469,65.25,66.91000366210938
2021-01-07,67.30000305175781,67.95500183105469,66.84500122070312,67.77999877929688
2021-01-08,67.47000122070312,67.97000122070312,65.8499984741211,66.83000183105469
2021-01-11,66.22000122070312,66.79000091552734,65.80999755859375,66.36000061035156
2021-01-12,66.2699966430664,66.80000305175781,65.06999969482422,65.2300033569336
2021-01-13,65.19000244140625,65.53500366210938,63.849998474121094,63.970001220703125
2021-01-14,64.19999694824219,65.37000274658203,63.79999923706055,64.94000244140625
2021-01-15,64.80999755859375,65.69000244140625,63.5099983215332,65.52999877929688
2021-01-19,66.0,66.44999694824219,64.91999816894531,65.37000274658203
2021-01-20,65.80000305175781,66.5,64.88999938964844,65.19000244140625
2021-01-21,65.23999786376953,65.23999786376953,63.45000076293945,63.52000045776367
2021-01-22,63.52000045776367,65.20999908447266,63.20000076293945,64.87999725341797
2021-01-25,64.0,64.61000061035156,62.0,64.22000122070312
2021-01-26,64.5999984741211,65.08999633789062,62.27000045776367,63.5099983215332
2021-01-27,62.68000030517578,63.0099983215332,61.279998779296875,62.2400016784668
2021-01-28,62.599998474121094,64.81999969482422,62.33000183105469,63.83000183105469
2021-01-29,65.11000061035156,65.98999786376953,63.45000076293945,64.6500015258789
2021-02-01,65.98999786376953,66.01000213623047,63.0,64.55000305175781
2021-02-02,65.05000305175781,66.77999877929688,64.5,64.63999938964844
2021-02-03,64.63999938964844,64.87000274658203,62.95000076293945,64.05000305175781
2021-02-04,63.88999938964844,64.12999725341797,63.0,63.290000915527344
2021-02-05,62.7400016784668,64.19999694824219,62.630001068115234,63.93000030517578
2021-02-08,63.75,64.52999877929688,63.150001525878906,63.72999954223633
2021-02-09,63.540000915527344,64.59300231933594,63.209999084472656,64.36000061035156
2021-02-10,64.94000244140625,65.9000015258789,64.5999984741211,65.30999755859375
2021-02-11,65.04000091552734,65.20600128173828,62.8849983215332,63.43000030517578
2021-02-12,62.88999938964844,64.54000091552734,62.88999938964844,63.93000030517578
2021-02-16,64.30999755859375,64.33999633789062,62.58000183105469,63.189998626708984
2021-02-17,63.310001373291016,63.369998931884766,62.61899948120117,62.689998626708984
2021-02-18,62.459999084472656,63.58000183105469,62.310001373291016,63.060001373291016
2021-02-19,63.31999969482422,63.45500183105469,62.939998626708984,63.040000915527344
2021-02-22,62.849998474121094,63.595001220703125,62.52000045776367,63.22999954223633
2021-02-23,62.84000015258789,63.56999969482422,62.560001373291016,63.22999954223633
2021-02-24,63.09000015258789,64.41000366210938,63.029998779296875,64.3499984741211
2021-02-25,64.27999877929688,64.91000366210938,64.01000213623047,64.45999908447266
2021-02-26,64.88999938964844,64.88999938964844,63.59000015258789,63.709999084472656
2021-03-01,64.12000274658203,65.75,64.06999969482422,64.93000030517578
2021-03-02,64.7300033569336,65.84500122070312,64.33000183105469,65.41000366210938
2021-03-03,65.51000213623047,67.6500015258789,65.06999969482422,67.0
2021-03-04,66.83000183105469,66.9000015258789,63.34000015258789,63.95000076293945
2021-03-05,64.5199966430664,65.11000061035156,62.7599983215332,64.87000274658203
2021-03-08,64.97000122070312,66.33000183105469,64.58999633789062,65.22000122070312
2021-03-09,65.69000244140625,66.6500015258789,64.91999816894531,64.93000030517578
2021-03-10,64.66999816894531,66.49500274658203,64.61000061035156,66.25
2021-03-11,66.0999984741211,67.63999938964844,65.88999938964844,67.30000305175781
2021-03-12,67.6500015258789,67.6500015258789,65.98999786376953,66.0
2021-03-15,65.94000244140625,66.63999938964844,65.51499938964844,66.61000061035156
2021-03-16,67.12000274658203,67.97000122070312,66.58000183105469,67.69999694824219
2021-03-17,67.98999786376953,68.6500015258789,67.36000061035156,68.58000183105469
2021-03-18,68.1500015258789,68.63999938964844,67.45999908447266,68.1500015258789
2021-03-19,67.88999938964844,67.88999938964844,66.5199966430664,66.86000061035156
2021-03-22,66.80999755859375,66.94000244140625,65.63999938964844,66.81999969482422
2021-03-23,66.41999816894531,67.70999908447266,66.19999694824219,66.95999908447266
2021-03-24,66.87999725341797,67.95999908447266,66.87999725341797,67.16999816894531
2021-03-25,67.41000366210938,68.13999938964844,66.76000213623047,67.86000061035156
2021-03-26,68.16000366210938,69.37999725341797,67.62000274658203,69.04000091552734
2021-03-29,69.83000183105469,70.66999816894531,69.5,69.91000366210938
2021-03-30,70.06999969482422,70.48999786376953,69.41999816894531,69.73999786376953
2021-03-31,70.0199966430664,70.0199966430664,68.2699966430664,68.44999694824219
2021-04-01,68.88999938964844,69.63999938964844,68.31999969482422,69.26000213623047
2021-04-05,69.08000183105469,69.69999694824219,68.91999816894531,69.2300033569336
2021-04-06,69.5,70.46499633789062,68.88999938964844,69.72000122070312
2021-04-07,69.86000061035156,70.2699966430664,69.41000366210938,69.62999725341797
2021-04-08,69.48999786376953,69.6449966430664,68.91999816894531,69.41000366210938
2021-04-09,69.68000030517578,70.94999694824219,69.44999694824219,70.75
2021-04-12,70.62000274658203,71.1050033569336,70.31999969482422,70.6500015258789
2021-04-13,70.44999694824219,71.23500061035156,70.19200134277344,71.12000274658203
2021-04-14,71.0,71.07499694824219,70.05999755859375,70.4000015258789
2021-04-15,70.63999938964844,71.23999786376953,70.11000061035156,70.97000122070312
2021-04-16,71.41000366210938,71.41000366210938,69.8499984741211,70.58000183105469
2021-04-19,70.70999908447266,71.38500213623047,70.3499984741211,71.02999877929688
2021-04-20,71.63999938964844,71.69000244140625,70.33000183105469,70.47000122070312
2021-04-21,70.44999694824219,71.08000183105469,69.83000183105469,71.04000091552734
2021-04-22,71.2300033569336,71.75,70.61000061035156,70.94999694824219
2021-04-23,71.06999969482422,71.9800033569336,70.73999786376953,71.27999877929688
2021-04-26,76.44000244140625,76.87999725341797,74.55000305175781,76.2699966430664
2021-04-27,76.5,79.26000213623047,76.12000274658203,79.0
2021-04-28,79.18000030517578,79.5,77.98999786376953,78.0
2021-04-29,78.0199966430664,79.12000274658203,78.0199966430664,78.69000244140625
2021-04-30,78.25,78.66999816894531,77.55000305175781,77.87000274658203
2021-05-03,78.48999786376953,79.0999984741211,77.91000366210938,78.4000015258789
2021-05-04,78.37999725341797,79.55999755859375,78.37999725341797,78.72000122070312
2021-05-05,78.88999938964844,79.23999786376953,77.76000213623047,78.05999755859375
2021-05-06,78.43000030517578,78.87899780273438,77.69999694824219,78.36000061035156
2021-05-07,78.08000183105469,78.94999694824219,77.91000366210938,78.19000244140625
2021-05-10,78.66999816894531,79.0999984741211,78.02999877929688,78.25
2021-05-11,77.79000091552734,78.11000061035156,76.8499984741211,77.62000274658203
2021-05-12,77.76000213623047,77.95999908447266,76.11000061035156,76.12999725341797
2021-05-13,75.98999786376953,77.5250015258789,75.81999969482422,77.1500015258789
2021-05-14,77.6500015258789,79.44000244140625,77.41000366210938,78.87999725341797
2021-05-17,78.7300033569336,79.18000030517578,78.0999984741211,79.01000213623047
2021-05-18,79.55000305175781,79.69000244140625,78.56999969482422,78.5999984741211
2021-05-19,77.94000244140625,78.0,77.02999877929688,77.47000122070312
2021-05-20,77.12000274658203,77.86000061035156,76.86000061035156,77.36000061035156
2021-05-21,77.62000274658203,78.30000305175781,77.27999877929688,77.56999969482422
2021-05-24,77.5999984741211,78.33000183105469,77.20999908447266,78.12999725341797
2021-05-25,78.27999877929688,78.61000061035156,77.66000366210938,77.69000244140625
2021-05-26,77.7699966430664,78.2300033569336,77.55000305175781,77.7699966430664
2021-05-27,78.1500015258789,79.08999633789062,77.69000244140625,78.70999908447266
2021-05-28,78.4800033569336,78.70999908447266,77.83000183105469,78.33000183105469
2021-06-01,79.16999816894531,79.83000183105469,78.2750015258789,78.41000366210938
2021-06-02,78.41999816894531,78.76000213623047,77.7699966430664,78.2699966430664
2021-06-03,78.25,79.43000030517578,77.66999816894531,79.13999938964844
2021-06-04,79.25,79.91999816894531,79.22000122070312,79.87000274658203
2021-06-07,80.4000015258789,80.80500030517578,79.47000122070312,79.61000061035156
2021-06-08,79.76000213623047,80.94999694824219,79.375,80.8499984741211
2021-06-09,80.79000091552734,81.18000030517578,80.33000183105469,80.75
2021-06-10,81.05000305175781,81.55999755859375,79.79000091552734,80.41999816894531
2021-06-11,80.8499984741211,80.98999786376953,79.69999694824219,80.54000091552734
2021-06-14,80.56999969482422,80.80000305175781,80.12999725341797,80.80000305175781
2021-06-15,80.97000122070312,81.2699966430664,80.4229965209961,80.98999786376953
2021-06-16,81.01000213623047,81.30999755859375,80.29000091552734,80.62999725341797
2021-06-17,80.91999816894531,81.19000244140625,79.44499969482422,80.47000122070312
2021-06-18,79.76000213623047,80.16999816894531,78.92500305175781,79.5
2021-06-21,80.08999633789062,81.0999984741211,79.66999816894531,81.04000091552734
2021-06-22,81.04000091552734,81.80999755859375,80.75,81.37000274658203
2021-06-23,81.63999938964844,81.66000366210938,80.73999786376953,80.81999969482422
2021-06-24,80.88999938964844,81.69999694824219,80.69000244140625,81.37000274658203
2021-06-25,81.51000213623047,81.91000366210938,81.27999877929688,81.6500015258789
2021-06-28,81.5999984741211,81.75,80.73999786376953,81.66000366210938
2021-06-29,81.69000244140625,82.47000122070312,81.58000183105469,82.08000183105469
2021-06-30,81.8499984741211,82.41000366210938,81.2300033569336,81.7699966430664
2021-07-01,82.19000244140625,82.38999938964844,81.69999694824219,82.08000183105469
2021-07-02,82.19000244140625,82.94000244140625,81.8499984741211,82.66000366210938
2021-07-06,82.2699966430664,82.56999969482422,81.69999694824219,82.25
2021-07-07,82.86000061035156,84.6500015258789,82.31999969482422,84.08000183105469
2021-07-08,82.91999816894531,83.93000030517578,82.45999908447266,83.08999633789062
2021-07-09,83.83999633789062,84.01000213623047,83.2300033569336,83.81999969482422
2021-07-12,83.47000122070312,83.88999938964844,83.23999786376953,83.81999969482422
2021-07-13,84.01000213623047,84.38999938964844,83.30000305175781,83.52999877929688
2021-07-14,83.4000015258789,84.98200225830078,83.4000015258789,84.77999877929688
2021-07-15,84.5,85.41999816894531,84.5,85.2300033569336
2021-07-16,85.06999969482422,85.55000305175781,84.87000274658203,84.91999816894531
2021-07-19,84.30999755859375,84.41000366210938,83.0199966430664,84.05999755859375
2021-07-20,84.44999694824219,86.29000091552734,84.13999938964844,86.0999984741211
2021-07-21,86.25,86.91000366210938,86.14800262451172,86.80999755859375
2021-07-22,87.0,87.6500015258789,86.62000274658203,87.33000183105469
2021-07-23,88.08000183105469,88.81800079345703,87.6500015258789,88.5199966430664
2021-07-26,89.94000244140625,90.19999694824219,86.8499984741211,89.05999755859375
2021-07-27,89.0250015258789,89.15599822998047,87.5199966430664,88.22000122070312
2021-07-28,88.0199966430664,88.44000244140625,87.2699966430664,87.93000030517578
2021-07-29,88.3499984741211,88.94000244140625,87.87000274658203,88.87000274658203
2021-07-30,88.83999633789062,89.79000091552734,88.69000244140625,89.55000305175781
2021-08-02,89.68000030517578,90.66999816894531,89.68000030517578,89.93000030517578
2021-08-03,90.11000061035156,91.81999969482422,90.0999984741211,91.27999877929688
2021-08-04,91.0,91.66999816894531,90.56999969482422,90.80000305175781
2021-08-05,91.1500015258789,91.41000366210938,90.02999877929688,90.7300033569336
2021-08-06,91.02999877929688,91.31999969482422,89.95999908447266,90.13999938964844
2021-08-09,89.81999969482422,90.05999755859375,88.94000244140625,89.7300033569336
2021-08-10,89.88999938964844,90.55999755859375,89.38999938964844,89.87000274658203
2021-08-11,89.91000366210938,90.54000091552734,89.80999755859375,90.43000030517578
2021-08-12,90.43000030517578,90.43000030517578,89.55999755859375,90.19999694824219
2021-08-13,90.26000213623047,91.02999877929688,90.0999984741211,90.66000366210938
2021-08-16,90.75,92.0999984741211,90.45999908447266,91.9000015258789
2021-08-17,91.43000030517578,91.75,90.16999816894531,90.73999786376953
2021-08-18,90.47000122070312,91.72000122070312,90.30000305175781,90.5
2021-08-19,89.56999969482422,90.88999938964844,89.30999755859375,90.19999694824219
2021-08-20,89.83000183105469,90.41000366210938,89.47000122070312,90.0199966430664
2021-08-23,90.54000091552734,90.98999786376953,89.86000061035156,89.91999816894531
2021-08-24,89.86000061035156,90.76000213623047,89.65499877929688,90.37000274658203
2021-08-25,90.7699966430664,91.47000122070312,90.62000274658203,91.12999725341797
2021-08-26,90.91999816894531,92.0,90.91000366210938,91.80999755859375
2021-08-27,92.11000061035156,92.67900085449219,91.76000213623047,92.01000213623047
2021-08-30,92.01000213623047,92.83999633789062,91.7750015258789,92.37000274658203
2021-08-31,92.37000274658203,92.6449966430664,91.86000061035156,92.22000122070312
2021-09-01,92.19000244140625,92.19999694824219,90.95500183105469,91.5
2021-09-02,91.9000015258789,92.45999908447266,91.6500015258789,92.05999755859375
2021-09-03,91.88999938964844,92.45500183105469,91.58000183105469,91.81999969482422
2021-09-07,91.56999969482422,91.56999969482422,89.26000213623047,89.37999725341797
2021-09-08,89.12999725341797,91.05999755859375,89.04199981689453,90.72000122070312
2021-09-09,90.83999633789062,91.26000213623047,90.12000274658203,90.4800033569336
2021-09-10,91.02999877929688,91.23999786376953,90.19999694824219,90.55000305175781
2021-09-13,91.33000183105469,91.70999908447266,89.40499877929688,89.94999694824219
2021-09-14,90.20999908447266,90.83000183105469,89.26499938964844,90.36000061035156
2021-09-15,90.58000183105469,90.58000183105469,89.45999908447266,90.3499984741211
2021-09-16,90.3499984741211,90.3499984741211,87.625,88.19999694824219
2021-09-17,87.26000213623047,87.44999694824219,84.88999938964844,85.0199966430664
2021-09-20,84.0,84.4000015258789,82.2699966430664,83.18000030517578
2021-09-21,83.31999969482422,84.12000274658203,81.93000030517578,82.0
2021-09-22,83.86000061035156,85.55000305175781,83.12000274658203,84.29000091552734
2021-09-23,84.52999877929688,86.80999755859375,84.02999877929688,85.73999786376953
2021-09-24,85.41999816894531,86.1449966430664,84.55999755859375,84.86000061035156
2021-09-27,84.55000305175781,85.13500213623047,84.05000305175781,84.2300033569336
2021-09-28,83.56999969482422,84.15599822998047,82.72000122070312,83.70999908447266
2021-09-29,83.9000015258789,84.38999938964844,83.11000061035156,83.31999969482422
2021-09-30,83.87999725341797,84.08000183105469,82.2699966430664,82.27999877929688
2021-10-01,82.66000366210938,83.0,81.05000305175781,82.5
2021-10-04,82.11000061035156,83.125,81.58000183105469,81.91000366210938
2021-10-05,82.27999877929688,83.74500274658203,81.8499984741211,83.36000061035156
2021-10-06,82.79000091552734,83.5,81.20999908447266,82.87000274658203
2021-10-07,83.94000244140625,85.11000061035156,83.77999877929688,84.37999725341797
2021-10-08,83.91000366210938,84.38500213623047,82.6500015258789,83.44999694824219
2021-10-11,83.2300033569336,83.5,81.55999755859375,81.62000274658203
2021-10-12,81.80999755859375,82.18499755859375,81.27999877929688,81.94000244140625
2021-10-13,82.23999786376953,82.29000091552734,81.08000183105469,81.27999877929688
2021-10-14,81.95999908447266,83.48999786376953,81.94999694824219,83.41000366210938
2021-10-15,83.91999816894531,84.69000244140625,83.48999786376953,84.0999984741211
2021-10-18,83.66000366210938,83.86900329589844,82.9729995727539,83.31999969482422
2021-10-19,84.0,84.73999786376953,83.7699966430664,84.41999816894531
2021-10-20,84.62999725341797,86.45999908447266,84.2300033569336,85.45999908447266
2021-10-21,84.18000030517578,85.38999938964844,83.48999786376953,85.3499984741211
2021-10-22,85.86000061035156,86.70999908447266,85.41000366210938,85.62999725341797
2021-10-25,81.08999633789062,83.94999694824219,81.08999633789062,81.86000061035156
2021-10-26,82.33499908447266,82.5999984741211,79.76000213623047,80.2699966430664
2021-10-27,80.66999816894531,80.83000183105469,79.48999786376953,79.72000122070312
2021-10-28,79.5999984741211,80.16000366210938,78.5999984741211,79.91999816894531
2021-10-29,79.55999755859375,81.4800033569336,79.54000091552734,80.30999755859375
2021-11-01,80.45999908447266,81.16000366210938,80.12999725341797,80.91999816894531
2021-11-02,81.33000183105469,81.44999694824219,80.1500015258789,81.11000061035156
2021-11-03,81.27999877929688,81.81999969482422,79.61499786376953,80.61000061035156
2021-11-04,80.94000244140625,81.86000061035156,80.79000091552734,81.83999633789062
2021-11-05,82.12999725341797,82.70999908447266,81.55999755859375,81.70999908447266
2021-11-08,82.11000061035156,82.38899993896484,81.39299774169922,82.23999786376953
2021-11-09,82.4000015258789,83.66999816894531,82.06999969482422,83.54000091552734
2021-11-10,83.94999694824219,84.44999694824219,83.19000244140625,83.36000061035156
2021-11-11,83.44999694824219,83.69999694824219,82.7699966430664,83.4000015258789
2021-11-12,83.94000244140625,85.6500015258789,83.30999755859375,85.62999725341797
2021-11-15,85.5,85.58999633789062,83.93699645996094,84.16000366210938
2021-11-16,84.55999755859375,84.98999786376953,84.22000122070312,84.5199966430664
2021-11-17,84.36000061035156,86.04499816894531,84.09500122070312,85.56999969482422
2021-11-18,84.79000091552734,86.41999816894531,84.68000030517578,86.2300033569336
2021-11-19,86.44000244140625,87.83000183105469,86.06999969482422,86.26000213623047
2021-11-22,86.25,86.38999938964844,83.87000274658203,84.19999694824219
2021-11-23,84.0,84.375,83.5199966430664,83.80999755859375
2021-11-24,83.6500015258789,84.55000305175781,82.87000274658203,84.45999908447266
2021-11-26,82.93000030517578,84.2300033569336,82.5,83.19000244140625
2021-11-29,84.11000061035156,84.33999633789062,82.98999786376953,83.58000183105469
2021-11-30,83.08000183105469,83.58000183105469,80.1500015258789,80.4000015258789
2021-12-01,81.69999694824219,83.33999633789062,80.41999816894531,80.44999694824219
2021-12-02,80.86000061035156,83.06900024414062,80.8550033569336,82.8499984741211
2021-12-03,83.3499984741211,83.5999984741211,81.91999816894531,82.80000305175781
2021-12-06,83.4000015258789,84.48999786376953,82.68000030517578,84.01000213623047
2021-12-07,85.13999938964844,86.26000213623047,84.72000122070312,85.69999694824219
2021-12-08,85.6500015258789,86.51599884033203,84.69999694824219,86.20999908447266
2021-12-09,86.04000091552734,86.61000061035156,85.16999816894531,86.19000244140625
2021-12-10,86.31999969482422,86.56999969482422,85.79499816894531,86.08000183105469
2021-12-13,86.25,86.63999938964844,84.80000305175781,85.37999725341797
2021-12-14,85.06999969482422,85.4000015258789,84.07499694824219,84.80999755859375
2021-12-15,85.05000305175781,85.38500213623047,83.48100280761719,84.91999816894531
2021-12-16,85.70999908447266,86.86499786376953,85.20999908447266,86.51000213623047
2021-12-17,85.43000030517578,86.66999816894531,84.0199966430664,84.16000366210938
2021-12-20,83.25,83.25,80.57499694824219,82.33000183105469
2021-12-21,83.33000183105469,84.27999877929688,82.80999755859375,84.18000030517578
2021-12-22,84.12999725341797,84.55999755859375,83.63999938964844,84.30999755859375
2021-12-23,84.8499984741211,85.58799743652344,84.43000030517578,85.25
2021-12-27,85.7300033569336,86.54000091552734,85.58999633789062,86.5199966430664
2021-12-28,86.48999786376953,86.70999908447266,86.12999725341797,86.45999908447266
2021-12-29,86.22000122070312,87.23300170898438,86.22000122070312,86.81999969482422
2021-12-30,86.87000274658203,87.27400207519531,86.30000305175781,86.36000061035156
2021-12-31,86.16999816894531,87.56900024414062,86.16999816894531,87.06999969482422
2022-01-03,87.19999694824219,88.22000122070312,84.58000183105469,85.56999969482422
2022-01-04,85.4000015258789,86.45999908447266,84.97000122070312,86.22000122070312
2022-01-05,86.52999877929688,87.1050033569336,83.7300033569336,83.83000183105469
2022-01-06,84.19000244140625,84.9800033569336,83.77999877929688,84.70999908447266
2022-01-07,84.4000015258789,85.2699966430664,84.20999908447266,84.36000061035156
2022-01-10,83.80999755859375,84.69000244140625,82.45999908447266,84.66000366210938
2022-01-11,85.19999694824219,86.29000091552734,84.18000030517578,86.23999786376953
2022-01-12,86.72000122070312,87.33999633789062,86.12999725341797,86.94999694824219
2022-01-13,87.08999633789062,87.68000030517578,85.54000091552734,85.76000213623047
2022-01-14,84.86000061035156,85.6449966430664,83.04000091552734,84.18000030517578
2022-01-18,83.05000305175781,84.1500015258789,81.68000030517578,83.88999938964844
2022-01-19,84.19999694824219,84.44000244140625,82.8499984741211,83.0999984741211
2022-01-20,83.5999984741211,84.0999984741211,81.83999633789062,82.20999908447266
2022-01-21,82.20999908447266,83.9000015258789,81.56999969482422,83.11000061035156
2022-01-24,81.68000030517578,83.3499984741211,80.13999938964844,83.2300033569336
2022-01-25,81.7300033569336,83.62999725341797,80.91999816894531,82.97000122070312
2022-01-26,83.56999969482422,84.62000274658203,81.0,81.5199966430664
2022-01-27,82.30000305175781,83.41999816894531,81.30000305175781,82.61000061035156
2022-01-28,82.20999908447266,82.81999969482422,80.83999633789062,82.7699966430664
2022-01-31,81.30000305175781,85.69499969482422,80.5199966430664,85.43000030517578
2022-02-01,85.8499984741211,86.37000274658203,81.56999969482422,83.55999755859375
2022-02-02,83.81999969482422,84.31199645996094,82.43000030517578,83.2699966430664
2022-02-03,82.66999816894531,83.62999725341797,81.75,81.8499984741211
2022-02-04,81.26000213623047,83.2300033569336,80.97000122070312,82.44000244140625
2022-02-07,82.5999984741211,82.9000015258789,81.5,81.66000366210938
2022-02-08,82.04000091552734,84.26000213623047,81.8949966430664,84.06999969482422
2022-02-09,84.91000366210938,85.11399841308594,83.41000366210938,83.7699966430664
2022-02-10,82.87999725341797,83.33000183105469,81.19999694824219,81.55000305175781
2022-02-11,81.5999984741211,81.83999633789062,79.11000061035156,79.63999938964844
2022-02-14,79.55999755859375,80.25,78.66999816894531,79.75
2022-02-15,81.18000030517578,81.68000030517578,78.54499816894531,78.79000091552734
2022-02-16,78.94000244140625,79.31999969482422,77.45999908447266,78.87000274658203
2022-02-17,78.02999877929688,78.0999984741211,76.16100311279297,76.22000122070312
2022-02-18,76.05000305175781,76.91999816894531,75.33999633789062,76.3499984741211
2022-02-22,76.0999984741211,77.51000213623047,75.87999725341797,76.30000305175781
2022-02-23,76.7699966430664,76.80000305175781,74.16000366210938,74.69000244140625
2022-02-24,73.32499694824219,76.93000030517578,73.0999984741211,76.58999633789062
2022-02-25,76.68000030517578,78.77999877929688,76.45999908447266,78.51000213623047
2022-02-28,77.16000366210938,78.93000030517578,77.16000366210938,78.33000183105469
2022-03-01,78.33999633789062,78.4800033569336,76.55999755859375,77.6500015258789
2022-03-02,78.18000030517578,79.00499725341797,78.05000305175781,78.77999877929688
2022-03-03,79.66999816894531,80.54000091552734,78.69999694824219,79.18000030517578
2022-03-04,78.20999908447266,78.58000183105469,76.66000366210938,77.95999908447266
2022-03-07,77.80000305175781,78.08999633789062,74.25,74.30000305175781
2022-03-08,74.20999908447266,75.2300033569336,73.4800033569336,73.5
2022-03-09,74.94000244140625,76.19999694824219,74.76000213623047,75.26000213623047
2022-03-10,74.30000305175781,74.55000305175781,73.30000305175781,73.80000305175781
2022-03-11,73.98999786376953,74.11499786376953,72.2699966430664,72.4000015258789
2022-03-14,73.33000183105469,73.375,71.06999969482422,71.9800033569336
2022-03-15,72.5,73.91000366210938,71.94999694824219,73.6500015258789
2022-03-16,74.51000213623047,76.83000183105469,74.0,75.5
2022-03-17,75.04000091552734,76.44000244140625,74.98999786376953,76.38999938964844
2022-03-18,76.6500015258789,78.37000274658203,76.5199966430664,77.9800033569336
2022-03-21,77.5199966430664,78.16500091552734,76.41999816894531,77.33000183105469
2022-03-22,77.30000305175781,78.58000183105469,77.30000305175781,77.52999877929688
2022-03-23,77.12999725341797,77.61000061035156,76.25,76.44000244140625
2022-03-24,76.37999725341797,77.47000122070312,75.94999694824219,77.41999816894531
2022-03-25,77.61000061035156,77.75,76.62000274658203,77.23999786376953
2022-03-28,76.95999908447266,78.05000305175781,76.31999969482422,78.01000213623047
2022-03-29,78.69999694824219,79.48999786376953,78.08999633789062,78.6500015258789
2022-03-30,78.0,78.6500015258789,77.69999694824219,77.75
2022-03-31,77.61000061035156,78.34500122070312,76.9000015258789,76.94999694824219
2022-04-01,76.91000366210938,77.25399780273438,75.75,76.27999877929688
2022-04-04,76.30000305175781,76.75,75.80999755859375,76.63999938964844
2022-04-05,76.36000061035156,76.56999969482422,74.91000366210938,75.1500015258789
2022-04-06,74.33000183105469,76.3499984741211,74.16000366210938,76.2300033569336
2022-04-07,75.77999877929688,77.98999786376953,75.77999877929688,77.54000091552734
2022-04-08,77.26000213623047,78.19999694824219,77.11000061035156,77.23999786376953
2022-04-11,77.0,77.26000213623047,76.16000366210938,76.37000274658203
2022-04-12,76.5199966430664,77.19000244140625,75.48999786376953,75.88999938964844
2022-04-13,75.26000213623047,76.5,75.26000213623047,75.83999633789062
2022-04-14,76.02999877929688,76.48500061035156,74.69999694824219,74.75
2022-04-18,74.69000244140625,75.06999969482422,73.12000274658203,73.62000274658203
2022-04-19,74.02999877929688,75.4800033569336,73.87000274658203,75.37000274658203
2022-04-20,75.9800033569336,76.37000274658203,75.29000091552734,75.5199966430664
2022-04-21,76.0999984741211,76.62999725341797,74.83999633789062,75.20999908447266
2022-04-22,73.83999633789062,74.62999725341797,73.31999969482422,73.41999816894531
2022-04-25,75.27999877929688,76.02999877929688,73.05999755859375,74.5999984741211
2022-04-26,73.37000274658203,73.97000122070312,72.19000244140625,72.37000274658203
2022-04-27,72.30999755859375,74.3499984741211,72.30999755859375,73.56999969482422
2022-04-28,73.58999633789062,76.5199966430664,73.44000244140625,76.06999969482422
2022-04-29,75.58000183105469,75.91999816894531,72.56999969482422,72.83999633789062
2022-05-02,73.0,74.04000091552734,71.33000183105469,72.94999694824219
2022-05-03,72.91999816894531,73.62999725341797,72.46800231933594,73.31999969482422
2022-05-04,73.94000244140625,76.83000183105469,73.26000213623047,76.5999984741211
2022-05-05,75.48999786376953,76.0999984741211,73.93499755859375,74.68000030517578
2022-05-06,74.2300033569336,74.87000274658203,72.7699966430664,74.58000183105469
2022-05-09,73.29000091552734,74.19000244140625,72.7699966430664,73.30999755859375
2022-05-10,73.87000274658203,74.80000305175781,71.47000122070312,72.7699966430664
2022-05-11,72.70999908447266,73.9800033569336,72.33999633789062,72.9000015258789
2022-05-12,72.5199966430664,74.30000305175781,71.26000213623047,73.0
2022-05-13,73.83000183105469,75.48999786376953,73.48500061035156,75.11000061035156
2022-05-16,74.55999755859375,74.86000061035156,73.58000183105469,74.33999633789062
2022-05-17,75.04000091552734,75.45999908447266,73.86000061035156,75.45999908447266
2022-05-18,74.41000366210938,74.87000274658203,71.98999786376953,72.20999908447266
2022-05-19,71.26000213623047,73.48999786376953,71.20999908447266,72.58999633789062
2022-05-20,73.30999755859375,74.36000061035156,71.44999694824219,73.44000244140625
2022-05-23,73.98999786376953,74.7750015258789,73.12999725341797,73.87000274658203
2022-05-24,74.83000183105469,75.87999725341797,73.2300033569336,75.48999786376953
2022-05-25,74.72000122070312,74.91999816894531,72.7750015258789,73.52999877929688
2022-05-26,74.37999725341797,75.56999969482422,74.08000183105469,75.08000183105469
2022-05-27,75.8499984741211,76.62000274658203,75.37999725341797,76.30000305175781
2022-05-31,75.55000305175781,75.65499877929688,73.7300033569336,74.4000015258789
2022-06-01,74.31999969482422,75.16999816894531,73.58000183105469,73.97000122070312
2022-06-02,74.0,75.36000061035156,73.6500015258789,75.23999786376953
2022-06-03,74.73999786376953,75.31999969482422,74.08999633789062,75.19000244140625
2022-06-06,75.52999877929688,76.05999755859375,75.08000183105469,75.19999694824219
2022-06-07,74.73999786376953,76.55999755859375,74.37999725341797,76.48999786376953
2022-06-08,75.83000183105469,76.94000244140625,75.19000244140625,76.33999633789062
2022-06-09,76.19000244140625,77.16000366210938,75.76000213623047,76.0
2022-06-10,74.79000091552734,75.02999877929688,73.2699966430664,73.29000091552734
2022-06-13,71.43000030517578,72.19999694824219,70.44999694824219,71.0999984741211
2022-06-14,70.91999816894531,71.20500183105469,68.63999938964844,69.20999908447266
2022-06-15,69.41000366210938,70.7699966430664,68.76000213623047,69.76000213623047
2022-06-16,68.41999816894531,68.48500061035156,66.97000122070312,67.94999694824219
2022-06-17,67.94000244140625,68.73999786376953,67.2300033569336,67.87999725341797
2022-06-21,68.80000305175781,70.11000061035156,68.16000366210938,69.87000274658203
2022-06-22,68.4800033569336,69.12000274658203,67.87000274658203,68.76000213623047
2022-06-23,68.68000030517578,69.5199966430664,67.91999816894531,68.58999633789062
2022-06-24,68.94999694824219,70.9000015258789,68.47000122070312,70.86000061035156
2022-06-27,71.30000305175781,71.37000274658203,69.125,69.91999816894531
2022-06-28,70.19999694824219,70.8499984741211,69.48999786376953,69.79000091552734
2022-06-29,69.5,70.19999694824219,68.5199966430664,69.77999877929688
2022-06-30,68.97000122070312,70.91000366210938,68.75,70.66999816894531
2022-07-01,70.9800033569336,72.24500274658203,70.2300033569336,71.9000015258789
2022-07-05,70.37999725341797,71.48999786376953,70.17500305175781,71.37000274658203
2022-07-06,71.45999908447266,71.77999877929688,70.58999633789062,71.26000213623047
2022-07-07,68.6500015258789,70.20999908447266,67.36000061035156,70.08999633789062
2022-07-08,70.0,70.37000274658203,68.82099914550781,69.88999938964844
2022-07-11,69.93000030517578,70.16999816894531,68.69999694824219,69.0
2022-07-12,68.88999938964844,70.19999694824219,68.55999755859375,68.83999633789062
2022-07-13,68.08000183105469,68.94999694824219,67.83000183105469,68.4000015258789
2022-07-14,67.31999969482422,69.0199966430664,67.0,68.98999786376953
2022-07-15,69.93000030517578,70.1500015258789,69.26000213623047,69.51000213623047
2022-07-18,69.88999938964844,70.48400115966797,68.77999877929688,68.95999908447266
2022-07-19,69.80000305175781,71.93000030517578,69.75,71.83999633789062
2022-07-20,72.04000091552734,72.76000213623047,71.0999984741211,72.66999816894531
2022-07-21,72.6500015258789,73.11499786376953,72.25,72.94999694824219
2022-07-22,73.08000183105469,73.29000091552734,71.37999725341797,71.9000015258789
2022-07-25,71.97000122070312,72.66000366210938,71.70999908447266,72.38999938964844
2022-07-26,72.38999938964844,72.79000091552734,71.58999633789062,72.72000122070312
2022-07-27,72.80000305175781,76.61000061035156,72.80000305175781,76.44000244140625
2022-07-28,76.05999755859375,77.48999786376953,75.91000366210938,76.8499984741211
2022-07-29,77.08999633789062,78.55000305175781,76.38999938964844,78.16999816894531
2022-08-01,77.30000305175781,79.05000305175781,77.30000305175781,78.27999877929688
2022-08-02,78.16999816894531,78.7699966430664,77.4000015258789,77.45999908447266
2022-08-03,77.8499984741211,79.69999694824219,77.45899963378906,79.2300033569336
2022-08-04,79.58000183105469,79.80999755859375,79.04000091552734,79.5
2022-08-05,78.91000366210938,79.71499633789062,78.55999755859375,79.31999969482422
2022-08-08,79.80000305175781,80.06500244140625,79.01499938964844,79.27999877929688
2022-08-09,78.9000015258789,79.08000183105469,78.36000061035156,78.86000061035156
2022-08-10,80.0,80.54499816894531,79.37999725341797,79.9000015258789
2022-08-11,80.70999908447266,81.54000091552734,80.0999984741211,80.5999984741211
2022-08-12,81.05999755859375,81.86000061035156,80.55000305175781,81.75
2022-08-15,81.26000213623047,81.94000244140625,81.01000213623047,81.55000305175781
2022-08-16,81.23999786376953,81.76000213623047,80.90499877929688,81.31999969482422
2022-08-17,80.5199966430664,80.86000061035156,80.16000366210938,80.58000183105469
2022-08-18,80.54000091552734,80.58999633789062,80.01000213623047,80.41000366210938
2022-08-19,80.02999877929688,80.19999694824219,78.98999786376953,79.41000366210938
2022-08-22,78.06999969482422,78.2750015258789,77.08999633789062,77.33000183105469
2022-08-23,77.12999725341797,77.66000366210938,76.55500030517578,76.9000015258789
2022-08-24,76.95999908447266,77.66000366210938,76.77999877929688,77.37000274658203
2022-08-25,77.70999908447266,78.23999786376953,77.38999938964844,78.18000030517578
2022-08-26,78.38999938964844,78.38999938964844,75.16999816894531,75.2300033569336
2022-08-29,74.75,74.80000305175781,73.88999938964844,74.06999969482422
2022-08-30,74.12999725341797,74.36000061035156,72.2300033569336,72.86000061035156
2022-08-31,73.19999694824219,73.48999786376953,71.83000183105469,72.22000122070312
2022-09-01,72.13999938964844,72.76000213623047,71.31999969482422,72.72000122070312
2022-09-02,73.45999908447266,73.61000061035156,71.44999694824219,71.72000122070312
2022-09-06,71.69999694824219,72.1500015258789,70.93000030517578,72.08000183105469
2022-09-07,72.20999908447266,73.51000213623047,71.7300033569336,73.41000366210938
2022-09-08,72.94000244140625,73.22000122070312,72.41999816894531,72.91000366210938
2022-09-09,73.18000030517578,73.54000091552734,72.7699966430664,73.4000015258789
2022-09-12,73.98999786376953,74.0999984741211,72.87000274658203,73.80000305175781
2022-09-13,72.2699966430664,72.43000030517578,70.76000213623047,71.12000274658203
2022-09-14,71.05000305175781,71.17500305175781,69.30999755859375,69.8499984741211
2022-09-15,69.9000015258789,70.45999908447266,68.69000244140625,68.93000030517578
2022-09-16,68.16999816894531,68.30000305175781,67.0199966430664,67.80000305175781
2022-09-19,67.44999694824219,68.3499984741211,67.4000015258789,68.25
2022-09-20,67.83000183105469,68.01000213623047,66.88999938964844,67.62000274658203
2022-09-21,67.93000030517578,68.83999633789062,67.0199966430664,67.02999877929688
2022-09-22,66.58000183105469,67.11499786376953,65.3550033569336,65.44999694824219
2022-09-23,64.98999786376953,65.93000030517578,64.75499725341797,65.77999877929688
2022-09-26,65.4800033569336,66.58000183105469,64.8499984741211,65.37000274658203
2022-09-27,65.94000244140625,66.25,64.61000061035156,65.12999725341797
2022-09-28,65.7300033569336,66.2300033569336,64.8949966430664,65.7699966430664
2022-09-29,65.22000122070312,65.36000061035156,63.875,64.5
2022-09-30,64.52999877929688,64.91999816894531,63.7400016784668,63.79999923706055
2022-10-03,64.72000122070312,66.01000213623047,64.11000061035156,65.44000244140625
2022-10-04,66.45999908447266,67.4800033569336,66.28500366210938,67.05000305175781
2022-10-05,66.41999816894531,67.87999725341797,66.33499908447266,67.43000030517578
2022-10-06,67.22000122070312,67.61000061035156,66.69999694824219,66.80000305175781
2022-10-07,66.16999816894531,66.51000213623047,64.87000274658203,65.26000213623047
2022-10-10,65.80000305175781,65.98999786376953,64.47000122070312,65.01000213623047
2022-10-11,64.97000122070312,65.56999969482422,64.4800033569336,64.75
2022-10-12,65.06999969482422,65.33999633789062,64.56500244140625,64.58000183105469
2022-10-13,63.18000030517578,65.55000305175781,62.4900016784668,65.01000213623047
2022-10-14,65.43000030517578,66.0999984741211,63.83000183105469,64.12000274658203
2022-10-17,65.02999877929688,65.7300033569336,64.80999755859375,65.37000274658203
2022-10-18,66.91999816894531,67.0,66.0,66.70999908447266
2022-10-19,66.47000122070312,66.94999694824219,65.66000366210938,66.27999877929688
2022-10-20,66.44000244140625,66.70500183105469,64.66999816894531,64.75
2022-10-21,65.02999877929688,66.94000244140625,64.30000305175781,66.79000091552734
2022-10-24,67.16999816894531,67.88999938964844,66.79000091552734,67.08000183105469
2022-10-25,66.9800033569336,68.91000366210938,66.9800033569336,68.8499984741211
2022-10-26,68.69000244140625,69.1500015258789,66.77999877929688,68.33999633789062
2022-10-27,68.51000213623047,71.5199966430664,68.4000015258789,70.01000213623047
2022-10-28,70.12000274658203,71.87000274658203,69.8499984741211,71.69000244140625
2022-10-31,70.68000030517578,71.5199966430664,70.23999786376953,70.63999938964844
2022-11-01,71.2699966430664,72.0199966430664,70.7300033569336,71.51000213623047
2022-11-02,71.20999908447266,72.56999969482422,70.19999694824219,70.20999908447266
2022-11-03,69.47000122070312,71.08999633789062,69.12000274658203,70.20999908447266
2022-11-04,71.29000091552734,73.87000274658203,71.29000091552734,73.22000122070312
2022-11-07,73.08999633789062,73.7699966430664,72.69000244140625,73.73999786376953
2022-11-08,73.94000244140625,74.19999694824219,72.5999984741211,73.16000366210938
